id_cliente,edad,ingreso_mensual,default,monto_credito_solicitado,antiguedad_laboral_meses,relacion_deuda_ingreso,num_moras_historicas,nombre,score_interno,tipo_contrato,ciudad,fecha_desembolso,genero
CLI-00359,,753000.0,0,6740000.0,7.0,0.129,0,Sofia Diaz,434.0,,Medellin,2023/11/14,f
CLI-00339,,4969000 COP,1,2720000.0,15.0,0.364,1,Jorge Rodriguez,748.0,Fijo,Bogota,2023/09/16,m
CLI-00299,19.0,3312000.0,1,1240000.0,48.0,,0,Daniela Castro,752.0,Fijo,CALI,2023/05/22,m
CLI-00014,50.0,1899000.0,0,7630000.0,85.0,0.288,0,David Martinez,468.0,fijo,Envigado,2021/02/08,f
CLI-00421,39.0,1691000.0,0,2380000.0,6.0,,0,Luis Hernandez,,Independiente,CALI,13/05/2024,
CLI-00405,44.0,1453000.0,0,2760000.0,15.0,0.284,0,Andres Rodriguez,513.0,,Cali,28/03/2024,F
CLI-00482,54.0,922000.0,0,7120000.0,42.0,0.339,0,Luis Ramirez,494.0,N/A,Medellin,2024-11-08,
CLI-00174,25.0,1026000.0,0,5860000.0,43.0,0.414,0,Laura Rodriguez,585.0,fijo,medellin,2022/05/22,Femenino
CLI-00066,47.0,2870000.0,0,7400000.0,1.0,0.478,1,Luis Diaz,602.0,Fijo,CALI,10/07/2021,F
CLI-00469,50.0,3148000.0,0,4420000.0,4.0,0.423,1,  ANDRES VARGAS  ,810.0,N/A,Cali,2024/10/01,M
CLI-00302,21.0,1153000.0,0,3980000.0,23.0,0.334,0,Miguel Ramirez,588.0,Indefinido,Itagui,2023-05-31,Masculino
CLI-00229,29.0,,0,3160000.0,51.0,0.503,1,Sofia Perez,732.0,Prestacion de servicios,CALI,2022/10/30,Masculino
CLI-00477,50.0,3445000 COP,0,2460000.0,11.0,0.383,1,Juan Vargas,785.0,fijo,Envigado,2024-10-24,
CLI-00110,19.0,2595000.0,0,4110000.0,1.0,0.065,1,Paula Castro,610.0,,Cali,15/11/2021,
CLI-00454,61.0,1109000.0,0,5340000.0,20.0,0.084,1,Felipe Vargas,492.0,Independiente,MEDELLIN,2024/08/18,F
CLI-00475,45.0,1203000.0,1,4500000.0,15.0,0.218,1,Camila Garcia,588.0,,Barranquilla,18/10/2024,f
CLI-00303,48.0,2356000.0,0,4420000.0,11.0,0.233,1,Natalia Garcia,656.0,Independiente,Envigado,03-Jun-2023,
CLI-00491,50.0,3064000.0,0,5.180.000,,0.736,0,Daniela Rodriguez,744.0,Fijo,Cali,04/12/2024,M
CLI-00033,32.0,1584000.0,0,9050000.0,38.0,0.245,0,Carlos Gomez,434.0,Independiente,Barranquilla,04-Apr-2021,m
CLI-00249,70.0,1646000.0,0,1970000.0,103.0,0.252,0,Maria Ortiz,403.0,Fijo,Itagui,2022/12/27,Femenino
CLI-00479,38.0,976000.0,0,5050000.0,18.0,0.296,1,Diego Gomez,656.0,indefinido,,2024/10/30,Femenino
CLI-00330,32.0,$521.000,1,4020000.0,33.0,0.438,2,Miguel Hernandez,552.0,Fijo,bogota,21/08/2023,m
CLI-00203,39.0,1184000.0,0,2170000.0,18.0,0.423,0,Miguel Gomez,498.0,Indefinido,Bucaramanga,15-Aug-2022,Masculino
CLI-00247,26.0,4871000.0,0,2150000.0,41.0,0.387,1,Laura Castro,810.0,N/A,,2022-12-21,f
CLI-00148,36.0,835000.0,0,4310000.0,24.0,0.366,0,Carlos Gonzalez,495.0,indefinido,Cali,07-Mar-2022,Femenino
CLI-00331,55.0,2417000.0,0,6770000.0,20.0,0.445,2,Paula Gonzalez,384.0,Independiente,Barranquilla,24/08/2023,Femenino
CLI-00337,31.0,1684000.0,0,3170000.0,5.0,0.46,0,Miguel Gonzalez,746.0,fijo,CALI,2023-09-11,
CLI-00473,35.0,2217000.0,0,2490000.0,51.0,0.306,0,Valentina Rodriguez,623.0,N/A,Barranquilla,2024-10-13,Femenino
CLI-00364,26.0,2068000.0,1,1330000.0,23.0,0.444,4,,361.0,Fijo,MEDELLIN,2023/11/29,M
CLI-00314,43.0,1541000.0,0,5980000.0,40.0,0.462,0,Felipe Gonzalez,648.0,indefinido,Cali,2023/07/05,m
CLI-00228,59.0,2910000.0,0,4270000.0,7.0,0.438,1,Paula Perez,584.0,Prestacion de servicios,medellin,27-Oct-2022,
CLI-00257,43.0,1251000.0,0,2300000.0,15.0,0.247,1,Santiago Martinez,,N/A,Bucaramanga,2023-01-20,
CLI-00090,43.0,4437000 COP,0,7880000.0,37.0,0.061,0,Isabella Castro,476.0,fijo,Bogota,18/09/2021,Masculino
CLI-00458,29.0,6086000.0,0,6440000.0,74.0,0.501,1,Miguel Garcia,728.0,Independiente,Barranquilla,30-Aug-2024,F
CLI-00309,44.0,1690000.0,0,1130000.0,1.0,0.359,1,Camila Gonzalez,640.0,Prestacion de servicios,CALI,2023/06/21,m
CLI-00119,56.0,1459000.0,1,1920000.0,70.0,0.489,2,Camila Torres,639.0,Indefinido,Bucaramanga,2021/12/12,f
CLI-00358,41.0,2452000.0,0,4600000.0,30.0,0.159,0,Felipe Ortiz,700.0,fijo,Medellin,11-Nov-2023,Masculino
CLI-00453,59.0,2517000.0,0,2570000.0,39.0,0.48,1,  VALENTINA LOPEZ  ,559.0,Independiente,medellin,15-Aug-2024,m
CLI-00494,43.0,3826000.0,0,7830000.0,,0.608,0,Luis Castro,720.0,N/A,Envigado,2024/12/13,
CLI-00237,18.0,$2.925.000,0,2970000.0,28.0,0.383,1,Sofia Torres,629.0,Independiente,Medellin,2022-11-22,m
CLI-00091,45.0,1076000.0,0,8.530.000,52.0,0.603,0,Laura Diaz,502.0,Fijo,Envigado,21/09/2021,m
CLI-00378,18.0,,0,5530000.0,57.0,,2,Felipe Garcia,607.0,indefinido,Itagui,09-Jan-2024,Femenino
CLI-00139,60.0,2649000.0,0,2950000.0,11.0,0.353,2,Ana Gomez,611.0,Prestacion de servicios,Itagui,2022/02/08,m
CLI-00102,52.0,1485000.0,0,4190000.0,52.0,0.362,3,Carlos Castro,628.0,N/A,Bogota,2021-10-23,f
CLI-00462,29.0,2117000.0,0,11050000.0,,0.31,0,Jorge Martinez,669.0,Indefinido,Pereira,2024-09-10,M
CLI-00233,41.0,"2,609,000",0,5970000.0,14.0,0.337,0,Isabella Lopez,656.0,N/A,Cali,10-Nov-2022,Femenino
CLI-00315,47.0,1448000.0,0,6.690.000,22.0,0.413,0,Felipe Lopez,344.0,Fijo,bogota,08/07/2023,
CLI-00361,,1213000.0,0,2760000.0,10.0,0.19,1,Natalia Munoz,570.0,N/A,bogota,20/11/2023,
CLI-00156,57.0,2326000.0,0,4000000.0,114.0,0.531,2,Felipe Munoz,488.0,Independiente,Medellin,30/03/2022,F
CLI-00369,40.0,1480000.0,0,6170000.0,46.0,0.3,0,Jorge Munoz,566.0,fijo,medellin,2023/12/13,f
CLI-00329,25.0,3639000.0,1,2810000.0,5.0,0.375,1,Jorge Torres,795.0,Fijo,medellin,2023/08/18,m
CLI-00292,40.0,1061000.0,0,3120000.0,44.0,0.232,2,Juan Martinez,551.0,Prestacion de servicios,Cali,2023-05-02,f
CLI-00427,47.0,1821000.0,0,2660000.0,106.0,0.43,0,Sofia Ortiz,760.0,fijo,,2024-05-31,m
CLI-00254,27.0,"5,523,000",0,3660000.0,16.0,0.282,0,  CAMILA LOPEZ  ,773.0,,Cali,2023/01/11,Masculino
CLI-00379,56.0,1883000.0,0,7380000.0,81.0,,0,Andres Gonzalez,415.0,Independiente,Bogota,2024/01/11,Masculino
CLI-00360,36.0,2767000.0,0,2850000.0,103.0,0.341,1,Paula Castro,652.0,Prestacion de servicios,Bogota,17/11/2023,m
CLI-00116,32.0,1044000.0,0,10.370.000,0.0,0.393,1,Camila Rodriguez,481.0,indefinido,bogota,03/12/2021,Masculino
CLI-00467,35.0,1745000.0,0,10270000.0,9.0,0.379,0,Paula Castro,640.0,Prestacion de servicios,Envigado,2024-09-25,Masculino
CLI-00052,45.0,2619000.0,0,2010000.0,25.0,0.207,0,Santiago Hernandez,670.0,fijo,Envigado,2021-05-30,f
CLI-00272,41.0,,0,2210000.0,62.0,0.246,1,Diego Gomez,713.0,,,2023-03-04,
CLI-00497,,2909000.0,0,8150000.0,34.0,0.325,1,Ana Diaz,,Fijo,Pereira,2024-12-22,m
CLI-00265,43.0,2351000.0,0,1780000.0,8.0,0.495,2,Maria Rodriguez,479.0,Independiente,Bucaramanga,12/02/2023,
CLI-00061,19.0,1914000.0,0,4900000.0,10.0,0.498,2,Paula Diaz,382.0,indefinido,CALI,25/06/2021,M
CLI-00264,32.0,2726000.0,0,4770000.0,51.0,,0,David Martinez,314.0,,Cali,2023/02/09,
CLI-00165,47.0,1904000.0,0,7230000.0,18.0,0.647,2,Andres Gomez,634.0,N/A,Medellin,25/04/2022,Femenino
CLI-00205,18.0,3350000.0,0,2810000.0,25.0,0.233,0,Ana Munoz,646.0,Prestacion de servicios,Bogota,20/08/2022,Femenino
CLI-00423,31.0,2105000.0,0,1780000.0,,,0,Miguel Ramirez,633.0,Independiente,Itagui,19-May-2024,
CLI-00133,45.0,1619000.0,0,1630000.0,15.0,0.449,1,Sofia Lopez,525.0,Indefinido,Cali,22-Jan-2022,M
CLI-00452,42.0,2485000.0,0,3470000.0,,0.283,0,Juan Rodriguez,498.0,Fijo,Envigado,2024-08-12,m
CLI-00213,38.0,1182000.0,0,7850000.0,3.0,0.043,0,Diego Diaz,438.0,Fijo,CALI,13-Sep-2022,M
CLI-00083,34.0,1712000.0,0,5010000.0,106.0,0.174,0,Juan Vargas,652.0,Independiente,CALI,28-Aug-2021,f
CLI-00443,42.0,2534000.0,0,4540000.0,36.0,0.593,1,Diego Diaz,580.0,,medellin,17-Jul-2024,
CLI-00356,41.0,1997000,0,6000000.0,5.0,0.224,2,Daniela Gomez,543.0,Prestacion de servicios,CALI,05/11/2023,M
CLI-00239,26.0,882000.0,1,2510000.0,9.0,0.109,1,Camila Ortiz,465.0,Prestacion de servicios,Bucaramanga,2022/11/28,
CLI-00169,36.0,,0,1.620.000,22.0,0.163,0,Maria Torres,825.0,Prestacion de servicios,Envigado,2022/05/07,m
CLI-00301,57.0,1299000.0,0,4710000.0,103.0,0.65,0,Carlos Martinez,775.0,N/A,MEDELLIN,28/05/2023,F
CLI-00031,62.0,1655000.0,0,4600000.0,43.0,0.073,2,Isabella Torres,806.0,Prestacion de servicios,medellin,29/03/2021,Masculino
CLI-00023,51.0,3867000.0,0,13330000.0,22.0,0.183,0,Isabella Torres,619.0,Independiente,Barranquilla,06-Mar-2021,F
CLI-00262,35.0,2724000.0,0,11110000.0,70.0,0.1,1,Juan Rodriguez,713.0,Fijo,Bogota,2023-02-03,Masculino
CLI-00032,34.0,1239000.0,0,3750000.0,45.0,0.084,1,Andres Vargas,519.0,Fijo,Envigado,2021-04-01,Masculino
CLI-00363,49.0,1926000.0,0,2110000.0,100.0,0.209,0,Camila Martinez,620.0,Indefinido,,26-Nov-2023,M
CLI-00053,22.0,2300000 COP,0,2270000.0,31.0,0.162,0,Diego Rodriguez,592.0,Independiente,Itagui,02-Jun-2021,m
CLI-00483,39.0,2224000.0,0,4210000.0,10.0,0.312,1,Daniela Rodriguez,715.0,Independiente,Cali,11-Nov-2024,Femenino
CLI-00322,36.0,4069000.0,0,5120000.0,23.0,0.273,1,Maria Diaz,647.0,Fijo,Medellin,2023-07-29,Masculino
CLI-00245,61.0,2083000.0,0,11.140.000,56.0,0.716,0,Sofia Castro,628.0,Indefinido,Cali,15/12/2022,M
CLI-00238,36.0,2968000.0,0,6820000.0,14.0,0.45,1,Luis Munoz,732.0,,Pereira,25-Nov-2022,Femenino
CLI-00057,35.0,1360000.0,1,6190000.0,72.0,0.303,0,Daniela Hernandez,663.0,Fijo,Pereira,2021-06-13,F
CLI-00365,37.0,1402000.0,0,6190000.0,90.0,0.308,1,Juan Hernandez,672.0,N/A,,02/12/2023,F
CLI-00003,46.0,,0,1460000.0,13.0,0.491,1,Camila Perez,761.0,fijo,medellin,06-Jan-2021,Masculino
CLI-00059,28.0,1064000.0,1,4050000.0,34.0,0.261,1,Diego Perez,551.0,indefinido,Itagui,2021/06/19,M
CLI-00370,47.0,1937000.0,0,9370000.0,13.0,0.435,0,Luis Torres,655.0,Independiente,Medellin,16/12/2023,m
CLI-00432,43.0,,1,1080000.0,11.0,0.426,0,Jorge Lopez,700.0,N/A,medellin,2024-06-15,
CLI-00342,41.0,,0,5980000.0,108.0,,1,Santiago Munoz,668.0,Fijo,medellin,2023-09-25,Masculino
CLI-00294,18.0,2411000.0,0,1260000.0,18.0,0.319,0,Sofia Castro,572.0,Fijo,Medellin,2023/05/08,F
CLI-00075,40.0,2180000.0,0,980000.0,10.0,0.362,0,Diego Diaz,604.0,N/A,Cali,05/08/2021,Masculino
CLI-00325,58.0,782000.0,0,4560000.0,,0.065,0,Luis Castro,918.0,Indefinido,,06/08/2023,F
CLI-00304,34.0,2397000.0,0,3030000.0,39.0,,2,Carlos Ortiz,666.0,Independiente,Medellin,2023/06/06,Femenino
CLI-00415,35.0,3248000.0,0,2810000.0,158.0,0.261,0,Miguel Ramirez,944.0,Prestacion de servicios,Bogota,26/04/2024,
CLI-00410,24.0,1158000.0,0,7390000.0,128.0,0.299,0,Ana Castro,601.0,Indefinido,Itagui,11/04/2024,f
CLI-00081,43.0,594000.0,1,3600000.0,58.0,0.329,1,Valentina Hernandez,605.0,N/A,Cali,23/08/2021,Masculino
CLI-00307,34.0,1856000.0,0,5340000.0,36.0,0.279,1,Andres Perez,837.0,indefinido,Bucaramanga,2023-06-15,m
CLI-00027,44.0,4104000.0,0,2280000.0,40.0,0.299,1,Ana Munoz,571.0,Independiente,Cali,2021-03-18,f
CLI-00306,26.0,3437000.0,1,6990000.0,13.0,0.606,1,Valentina Lopez,663.0,Fijo,Itagui,12/06/2023,f
CLI-00463,21.0,1201000.0,0,1790000.0,146.0,0.404,0,  VALENTINA MARTINEZ  ,573.0,Independiente,Barranquilla,13-Sep-2024,F
CLI-00121,27.0,1591000.0,0,4360000.0,37.0,0.096,3,Carlos Vargas,561.0,indefinido,,18/12/2021,m
CLI-00348,44.0,3035000.0,0,1730000.0,16.0,0.823,1,Sofia Hernandez,801.0,indefinido,Envigado,13-Oct-2023,Femenino
CLI-00460,38.0,2431000.0,0,3320000.0,9.0,0.293,0,Paula Garcia,564.0,Prestacion de servicios,Pereira,04/09/2024,Femenino
CLI-00160,25.0,1686000.0,0,1530000.0,35.0,,1,Jorge Martinez,501.0,indefinido,Bucaramanga,11/04/2022,Masculino
CLI-00390,22.0,846000.0,0,7590000.0,17.0,0.218,2,Andres Ortiz,658.0,,Medellin,13/02/2024,Masculino
CLI-00051,41.0,2404000.0,0,2450000.0,68.0,0.039,0,Maria Castro,677.0,Fijo,Cali,27/05/2021,m
CLI-00430,42.0,2059000.0,0,4.230.000,5.0,0.271,2,Camila Ortiz,653.0,indefinido,Bucaramanga,09/06/2024,Femenino
CLI-00295,35.0,812000.0,0,5320000.0,24.0,0.118,0,David Torres,772.0,Independiente,MEDELLIN,11/05/2023,m
CLI-00015,,2944000 COP,0,8200000.0,14.0,0.01,2,Juan Castro,662.0,N/A,bogota,10/02/2021,m
CLI-00419,,3920000.0,0,1.420.000,3.0,0.028,0,Sofia Garcia,492.0,Fijo,Bucaramanga,2024/05/08,F
CLI-00448,34.0,458000.0,0,2810000.0,77.0,0.671,0,Paula Castro,402.0,Independiente,Pereira,31-Jul-2024,
CLI-00115,39.0,1325000.0,0,980000.0,7.0,0.198,0,Ana Lopez,823.0,,Medellin,30/11/2021,m
CLI-00146,33.0,1847000.0,0,1390000.0,45.0,12.4,1,Laura Martinez,540.0,N/A,Barranquilla,01/03/2022,F
CLI-00004,48.0,935000.0,0,4530000.0,5.0,0.086,1,Ana Ramirez,580.0,Independiente,,2021/01/09,Masculino
CLI-00385,20.0,1148000.0,1,1570000.0,134.0,0.6,0,Paula Gomez,614.0,fijo,medellin,29/01/2024,Femenino
CLI-00060,49.0,1271000.0,0,3500000.0,64.0,0.422,0,Camila Vargas,465.0,Prestacion de servicios,MEDELLIN,22/06/2021,m
CLI-00397,46.0,1414000.0,0,3010000.0,11.0,0.628,0,Isabella Perez,337.0,Fijo,CALI,2024-03-04,Femenino
CLI-00166,28.0,845000.0,0,4970000.0,17.0,0.317,1,David Vargas,620.0,Indefinido,Barranquilla,28/04/2022,f
CLI-00223,40.0,,0,2930000.0,30.0,0.319,1,Juan Rodriguez,481.0,Prestacion de servicios,Envigado,12-Oct-2022,
CLI-00099,42.0,2237000.0,0,4750000.0,9.0,0.697,1,David Rodriguez,639.0,indefinido,MEDELLIN,2021/10/14,
CLI-00470,27.0,2017000.0,0,2850000.0,26.0,0.398,0,Daniela Martinez,519.0,Prestacion de servicios,Envigado,04/10/2024,M
CLI-00041,46.0,853000.0,0,2820000.0,31.0,0.408,1,Andres Ramirez,707.0,Prestacion de servicios,Medellin,28/04/2021,Femenino
CLI-00250,25.0,1269000.0,0,2500000.0,51.0,0.341,1,Daniela Lopez,527.0,indefinido,Medellin,30/12/2022,Femenino
CLI-00042,44.0,"1,312,000",0,3210000.0,28.0,0.688,2,Diego Vargas,893.0,,bogota,2021-04-30,m
CLI-00396,40.0,3351000.0,0,4360000.0,36.0,0.262,0,Diego Castro,607.0,fijo,Pereira,01/03/2024,m
CLI-00194,54.0,643000.0,0,12510000.0,9.0,0.435,0,Andres Diaz,,Independiente,Pereira,2022/07/19,F
CLI-00207,29.0,1258000.0,0,5.740.000,168.0,0.539,0,,597.0,Independiente,Barranquilla,2022-08-26,m
CLI-00080,35.0,2378000.0,0,1710000.0,24.0,0.351,2,Santiago Rodriguez,691.0,Prestacion de servicios,Envigado,20/08/2021,m
CLI-00029,43.0,2256000.0,0,3410000.0,57.0,0.372,0,Paula Martinez,731.0,,Bogota,2021/03/23,M
CLI-00492,42.0,4154000.0,0,4640000.0,7.0,0.318,1,David Ramirez,696.0,fijo,bogota,2024-12-07,
CLI-00500,22.0,2993000.0,0,11600000.0,50.0,0.101,1,Natalia Lopez,790.0,Independiente,Barranquilla,31/12/2024,
CLI-00246,24.0,3158000.0,1,15.570.000,29.0,0.166,1,Camila Martinez,610.0,Fijo,Envigado,18/12/2022,Masculino
CLI-00368,29.0,1618000.0,0,1510000.0,67.0,0.324,0,Laura Ortiz,623.0,N/A,Cali,10-Dec-2023,Masculino
CLI-00058,54.0,1183000.0,1,1540000.0,34.0,0.016,0,Jorge Perez,581.0,Fijo,Itagui,16-Jun-2021,f
CLI-00498,34.0,2107000.0,0,5810000.0,1.0,,0,Sofia Torres,553.0,N/A,Bucaramanga,25-Dec-2024,Masculino
CLI-00063,40.0,2034000.0,0,1670000.0,123.0,0.539,1,David Hernandez,682.0,Independiente,medellin,01-Jul-2021,
CLI-00382,52.0,3185000.0,0,1100000.0,1.0,0.518,0,Sofia Martinez,666.0,indefinido,Envigado,2024-01-20,F
CLI-00112,41.0,2230000.0,1,8080000.0,4.0,0.699,0,Valentina Hernandez,586.0,,MEDELLIN,2021-11-21,M
CLI-00085,25.0,2834000.0,0,4840000.0,7.0,0.418,2,Laura Diaz,703.0,N/A,Bogota,03/09/2021,Masculino
CLI-00341,18.0,5140000.0,0,3340000.0,7.0,0.451,1,Diego Garcia,672.0,indefinido,Bucaramanga,22/09/2023,F
CLI-00201,42.0,3459000.0,0,5870000.0,19.0,0.413,1,Paula Vargas,,Prestacion de servicios,Envigado,09/08/2022,
CLI-00147,31.0,,0,6270000.0,41.0,0.398,0,Jorge Lopez,693.0,indefinido,,2022-03-04,Femenino
CLI-00189,23.0,1576000.0,1,2030000.0,5.0,0.33,2,Santiago Munoz,,Prestacion de servicios,Pereira,2022/07/05,Femenino
CLI-00130,28.0,593000.0,0,5400000.0,62.0,0.072,0,David Torres,551.0,N/A,,13/01/2022,m
CLI-00327,21.0,2014000.0,0,9690000.0,32.0,0.152,0,Miguel Diaz,694.0,Fijo,Medellin,2023-08-12,F
CLI-00097,23.0,1528000.0,0,3500000.0,19.0,0.368,1,Valentina Lopez,508.0,indefinido,Cali,2021-10-08,M
CLI-00217,999.0,907000.0,0,4170000.0,69.0,0.424,1,Diego Gomez,833.0,Prestacion de servicios,CALI,2022-09-24,Masculino
CLI-00259,37.0,2730000.0,0,3050000.0,68.0,0.601,0,Diego Garcia,698.0,Independiente,MEDELLIN,2023/01/25,m
CLI-00472,34.0,1880000.0,0,3430000.0,82.0,0.255,1,Miguel Torres,635.0,Indefinido,MEDELLIN,2024-10-10,f
CLI-00142,27.0,2813000.0,0,3170000.0,0.0,,2,Ana Lopez,501.0,indefinido,medellin,2022-02-17,
CLI-00457,50.0,1557000.0,0,3080000.0,7.0,0.16,1,Daniela Diaz,657.0,Prestacion de servicios,Barranquilla,2024-08-27,Masculino
CLI-00221,36.0,1890000.0,0,3510000.0,40.0,0.37,0,Jorge Diaz,478.0,,Cali,06/10/2022,m
CLI-00320,25.0,1122000.0,0,4130000.0,14.0,0.353,1,  LAURA CASTRO  ,412.0,Independiente,Pereira,23/07/2023,m
CLI-00163,61.0,1263000.0,0,3480000.0,3.0,12.4,0,Daniela Perez,611.0,Indefinido,Envigado,19-Apr-2022,M
CLI-00218,53.0,2794000.0,0,4080000.0,55.0,0.455,0,Juan Garcia,-50,indefinido,Cali,27-Sep-2022,M
CLI-00317,39.0,1622000.0,0,2360000.0,2.0,0.695,0,Juan Munoz,607.0,indefinido,Cali,2023-07-14,Masculino
CLI-00240,32.0,645000.0,0,2750000.0,72.0,0.466,1,Laura Castro,596.0,Indefinido,Bucaramanga,01/12/2022,f
CLI-00244,22.0,782000.0,0,5820000.0,12.0,0.406,1,Santiago Castro,434.0,Fijo,CALI,2022/12/12,
CLI-00082,31.0,1112000.0,0,2580000.0,,0.542,1,Laura Gonzalez,678.0,fijo,Medellin,2021-08-25,Femenino
CLI-00490,45.0,1558000.0,0,2680000.0,21.0,0.176,1,Carlos Hernandez,624.0,Indefinido,Medellin,01/12/2024,F
CLI-00474,40.0,2699000 COP,0,3360000.0,18.0,0.557,0,Andres Martinez,609.0,Fijo,medellin,2024/10/15,f
CLI-00188,25.0,4194000.0,0,4510000.0,3.0,0.073,1,Valentina Gonzalez,559.0,Indefinido,CALI,02-Jul-2022,M
CLI-00428,57.0,2439000.0,0,2470000.0,35.0,0.517,1,David Martinez,616.0,Independiente,MEDELLIN,03-Jun-2024,Masculino
CLI-00268,42.0,1501000.0,0,9600000.0,7.0,0.492,1,Santiago Hernandez,347.0,indefinido,,21-Feb-2023,Femenino
CLI-00180,41.0,1824000.0,0,1550000.0,21.0,0.219,0,Maria Torres,512.0,Independiente,MEDELLIN,08/06/2022,Masculino
CLI-00293,54.0,2560000.0,0,4220000.0,98.0,0.327,0,Valentina Lopez,,Fijo,Cali,05-May-2023,Masculino
CLI-00054,34.0,5485000.0,0,2730000.0,11.0,0.455,2,Andres Munoz,672.0,N/A,Itagui,2021/06/05,
CLI-00278,26.0,,0,7340000.0,1.0,0.413,1,Santiago Torres,420.0,Prestacion de servicios,Envigado,22-Mar-2023,m
CLI-00140,70.0,$2.577.000,0,8570000.0,54.0,0.26,0,Felipe Vargas,693.0,fijo,CALI,11/02/2022,Masculino
CLI-00269,39.0,1046000.0,0,6490000.0,0.0,0.343,2,Natalia Diaz,684.0,Indefinido,bogota,2023/02/24,m
CLI-00444,53.0,3613000.0,0,2.160.000,35.0,0.678,1,Juan Diaz,670.0,Indefinido,MEDELLIN,2024/07/20,m
CLI-00067,34.0,$1.831.000,0,1.060.000,20.0,0.651,0,Daniela Rodriguez,385.0,Fijo,bogota,2021-07-13,M
CLI-00413,31.0,2618000.0,0,3860000.0,44.0,0.486,1,Paula Hernandez,643.0,N/A,CALI,20-Apr-2024,Femenino
CLI-00495,35.0,1877000.0,0,3770000.0,25.0,0.401,1,David Martinez,,,medellin,16/12/2024,m
CLI-00290,37.0,1839000.0,0,5210000.0,218.0,0.481,0,David Martinez,619.0,indefinido,,26/04/2023,Masculino
CLI-00222,41.0,3485000.0,0,1680000.0,34.0,0.124,3,Sofia Diaz,825.0,Fijo,MEDELLIN,2022-10-09,M
CLI-00100,28.0,816000.0,0,3430000.0,20.0,0.707,0,Carlos Vargas,627.0,Fijo,,17/10/2021,
CLI-00279,51.0,2044000.0,0,1480000.0,5.0,-0.5,0,Santiago Ramirez,652.0,N/A,Envigado,2023/03/25,M
CLI-00149,50.0,2153000.0,0,16720000.0,52.0,0.307,0,Paula Rodriguez,512.0,N/A,Bucaramanga,2022/03/10,Femenino
CLI-00016,29.0,2356000.0,0,3600000.0,25.0,0.238,0,Laura Vargas,342.0,N/A,Pereira,13/02/2021,F
CLI-00164,29.0,1671000.0,0,1520000.0,8.0,0.379,0,Andres Martinez,603.0,,Medellin,2022/04/22,f
CLI-00285,26.0,1994000.0,0,3280000.0,29.0,0.714,0,Valentina Diaz,881.0,Fijo,bogota,11/04/2023,Femenino
CLI-00047,48.0,2195000.0,0,6490000.0,,0.26,1,Diego Munoz,574.0,Independiente,Bucaramanga,2021-05-15,M
CLI-00087,33.0,1101000.0,0,10290000.0,3.0,,1,Valentina Ortiz,350.0,,Barranquilla,2021-09-09,F
CLI-00038,29.0,3520000.0,0,5060000.0,69.0,0.176,0,Diego Gonzalez,1500,,medellin,19-Apr-2021,M
CLI-00417,50.0,4066000.0,0,6710000.0,2.0,0.121,1,Sofia Ortiz,629.0,indefinido,Pereira,2024-05-02,Masculino
CLI-00386,29.0,,0,5240000.0,15.0,0.391,0,Isabella Lopez,581.0,Fijo,CALI,01/02/2024,m
CLI-00343,39.0,4765000.0,0,5310000.0,165.0,0.269,0,Paula Rodriguez,10000,Fijo,Cali,28-Sep-2023,M
CLI-00173,33.0,1388000 COP,1,2720000.0,,0.544,1,Carlos Ortiz,411.0,Independiente,Barranquilla,19-May-2022,M
CLI-00074,43.0,1264000.0,0,1510000.0,,0.151,1,Jorge Diaz,675.0,fijo,Bogota,2021/08/02,Femenino
CLI-00425,28.0,1825000.0,1,3910000.0,29.0,0.561,2,Paula Castro,500.0,,Bogota,25/05/2024,F
CLI-00105,28.0,1442000.0,0,22940000.0,39.0,0.291,0,Daniela Diaz,519.0,indefinido,Bucaramanga,01/11/2021,m
CLI-00214,33.0,1971000.0,0,4230000.0,65.0,0.517,0,Daniela Martinez,652.0,N/A,Itagui,2022/09/16,Masculino
CLI-00243,19.0,1190000.0,0,7720000.0,22.0,0.339,1,Laura Vargas,674.0,Independiente,medellin,10-Dec-2022,Masculino
CLI-00017,42.0,2769000.0,0,1110000.0,2.0,0.256,0,Sofia Garcia,645.0,Fijo,CALI,2021-02-16,
CLI-00481,40.0,2500000.0,0,4.590.000,52.0,0.572,2,Valentina Vargas,712.0,Indefinido,Pereira,05/11/2024,Masculino
CLI-00092,37.0,2246000.0,0,1.700.000,26.0,0.289,0,Miguel Munoz,,Prestacion de servicios,Envigado,2021-09-24,Femenino
CLI-00089,43.0,2230000.0,0,3860000.0,17.0,0.493,1,Andres Perez,634.0,Fijo,Envigado,2021/09/15,F
CLI-00381,39.0,2219000.0,0,2020000.0,28.0,0.475,1,Felipe Martinez,447.0,N/A,Bucaramanga,17/01/2024,m
CLI-00141,43.0,939000.0,0,5510000.0,8.0,0.51,0,  SANTIAGO CASTRO  ,472.0,Prestacion de servicios,Bucaramanga,14/02/2022,
CLI-00195,26.0,1311000.0,0,3040000.0,7.0,0.11,0,Diego Perez,533.0,Prestacion de servicios,CALI,22/07/2022,M
CLI-00206,37.0,1217000.0,0,2910000.0,11.0,0.639,0,Luis Martinez,571.0,indefinido,CALI,23/08/2022,f
CLI-00103,34.0,3750000.0,0,2660000.0,,0.283,1,Paula Castro,720.0,Fijo,medellin,26-Oct-2021,F
CLI-00260,23.0,2474000.0,0,4170000.0,16.0,,0,Miguel Hernandez,496.0,N/A,Envigado,28/01/2023,M
CLI-00175,24.0,3011000.0,0,2890000.0,12.0,0.295,0,Natalia Rodriguez,615.0,indefinido,medellin,25/05/2022,f
CLI-00171,31.0,2936000.0,0,2890000.0,17.0,0.099,0,Miguel Perez,433.0,Independiente,Barranquilla,13/05/2022,
CLI-00296,40.0,1865000.0,0,3990000.0,31.0,-0.5,2,Santiago Gonzalez,607.0,fijo,MEDELLIN,14/05/2023,M
CLI-00158,49.0,2167000.0,0,2630000.0,71.0,0.308,1,Felipe Gomez,579.0,,,05-Apr-2022,
CLI-00071,24.0,961000.0,0,5550000.0,42.0,0.01,2,Sofia Torres,461.0,Indefinido,Bogota,24/07/2021,m
CLI-00134,36.0,$753.000,0,4120000.0,33.0,0.114,1,Ana Rodriguez,505.0,Prestacion de servicios,Medellin,2022/01/25,Femenino
CLI-00282,19.0,1905000.0,0,3330000.0,50.0,0.191,0,Valentina Ramirez,576.0,Fijo,Pereira,2023-04-03,M
CLI-00038,29.0,3520000.0,0,5060000.0,69.0,0.176,0,Diego Gonzalez,547.0,,medellin,19/04/2021,M
CLI-00373,47.0,2848000.0,0,1200000.0,75.0,,1,David Ramirez,,Independiente,CALI,25-Dec-2023,f
CLI-00274,61.0,3895000.0,0,8270000.0,53.0,0.017,0,Miguel Munoz,688.0,Prestacion de servicios,Bucaramanga,2023/03/10,Masculino
CLI-00455,39.0,1389000.0,0,4610000.0,69.0,0.319,0,Camila Martinez,567.0,Fijo,,21/08/2024,Femenino
CLI-00334,27.0,,0,1180000.0,17.0,0.105,0,Diego Castro,502.0,Prestacion de servicios,Barranquilla,2023/09/02,F
CLI-00271,30.0,4707000.0,0,930000.0,16.0,0.212,2,,798.0,N/A,Bogota,01/03/2023,m
CLI-00347,31.0,9717000.0,0,5060000.0,12.0,0.427,0,Andres Rodriguez,914.0,Indefinido,Envigado,2023-10-10,F
CLI-00459,42.0,1981000.0,0,3470000.0,3.0,0.341,0,Sofia Vargas,545.0,N/A,,2024/09/02,f
CLI-00019,48.0,3106000.0,0,5570000.0,15.0,0.38,0,Andres Castro,757.0,Independiente,Cali,2021/02/22,m
CLI-00178,40.0,2446000.0,0,6740000.0,,0.352,0,David Lopez,648.0,Indefinido,MEDELLIN,02-Jun-2022,Masculino
CLI-00388,44.0,1598000.0,0,2090000.0,108.0,0.401,0,Maria Castro,716.0,Indefinido,Medellin,07-Feb-2024,M
CLI-00021,36.0,1221000.0,0,7190000.0,27.0,0.01,1,Carlos Hernandez,641.0,,Envigado,28/02/2021,Femenino
CLI-00056,31.0,1701000.0,0,4400000.0,11.0,0.187,1,  SANTIAGO LOPEZ  ,584.0,fijo,CALI,10/06/2021,Masculino
CLI-00383,20.0,1138000.0,0,3400000.0,7.0,0.514,0,Carlos Gonzalez,482.0,Prestacion de servicios,,23-Jan-2024,
CLI-00426,34.0,5081000.0,0,1990000.0,23.0,0.516,0,Daniela Gonzalez,720.0,Indefinido,Cali,28/05/2024,f
CLI-00362,42.0,964000.0,0,1.950.000,86.0,0.217,1,Camila Gonzalez,793.0,indefinido,Bogota,2023-11-23,M
CLI-00035,45.0,906000 COP,0,1370000.0,15.0,0.241,0,Valentina Rodriguez,653.0,Fijo,bogota,10/04/2021,Masculino
CLI-00182,40.0,2710000.0,0,2900000.0,52.0,0.294,2,David Torres,648.0,N/A,Pereira,2022-06-14,F
CLI-00185,43.0,,0,3020000.0,37.0,0.632,1,Santiago Lopez,588.0,Fijo,Bucaramanga,23/06/2022,
CLI-00151,36.0,4995000.0,0,3750000.0,42.0,0.178,0,Paula Ortiz,829.0,fijo,medellin,15/03/2022,
CLI-00208,25.0,2622000.0,0,1790000.0,55.0,0.213,0,Ana Vargas,493.0,,Bogota,29-Aug-2022,Femenino
CLI-00241,28.0,3272000.0,1,2690000.0,25.0,0.72,0,Laura Munoz,714.0,indefinido,Cali,04/12/2022,f
CLI-00366,54.0,3004000.0,0,11820000.0,67.0,0.318,0,Santiago Ramirez,547.0,,bogota,04/12/2023,f
CLI-00371,38.0,2279000.0,1,3040000.0,149.0,0.47,2,Paula Gomez,531.0,Fijo,Barranquilla,19/12/2023,M
CLI-00297,41.0,3262000.0,0,4090000.0,34.0,0.591,3,Jorge Gonzalez,778.0,indefinido,Pereira,2023-05-17,Masculino
CLI-00098,27.0,2977000.0,0,3170000.0,6.0,0.299,0,Maria Lopez,644.0,Prestacion de servicios,Bogota,11-Oct-2021,m
CLI-00236,31.0,2146000,0,4820000.0,55.0,0.411,0,Paula Munoz,545.0,Indefinido,Bucaramanga,19/11/2022,Femenino
CLI-00398,41.0,,1,5180000.0,35.0,0.229,1,Natalia Torres,531.0,N/A,Itagui,07-Mar-2024,Masculino
CLI-00435,48.0,2315000.0,0,2540000.0,82.0,0.181,1,Felipe Garcia,615.0,Fijo,Bogota,23/06/2024,
CLI-00155,37.0,,0,4570000.0,7.0,0.342,1,Daniela Lopez,904.0,Indefinido,Pereira,27/03/2022,
CLI-00123,40.0,2268000.0,1,4730000.0,9.0,0.101,3,Carlos Munoz,515.0,Fijo,medellin,23-Dec-2021,Masculino
CLI-00114,22.0,,0,7880000.0,23.0,0.613,0,Miguel Gonzalez,618.0,fijo,Pereira,2021/11/27,f
CLI-00281,43.0,1933000.0,0,4710000.0,22.0,0.237,0,Valentina Diaz,725.0,indefinido,Medellin,31/03/2023,F
CLI-00352,47.0,1552000.0,0,7380000.0,66.0,0.01,0,Sofia Hernandez,654.0,,Envigado,2023-10-24,Femenino
CLI-00172,43.0,"2,272,000",0,8340000.0,30.0,0.237,0,Maria Diaz,490.0,indefinido,Itagui,2022-05-16,F
CLI-00109,47.0,"854,000",0,5.650.000,86.0,0.343,2,Andres Munoz,664.0,Indefinido,Bogota,2021/11/12,F
CLI-00079,45.0,1748000.0,0,1740000.0,5.0,0.571,1,Diego Castro,617.0,fijo,Bucaramanga,2021/08/17,Femenino
CLI-00095,19.0,1045000.0,0,5420000.0,16.0,0.445,1,Juan Rodriguez,716.0,Independiente,Medellin,03/10/2021,F
CLI-00062,34.0,2343000 COP,0,3960000.0,10.0,0.222,2,Diego Vargas,,Indefinido,Envigado,2021-06-28,Femenino
CLI-00441,36.0,2204000.0,0,1380000.0,16.0,0.017,0,Diego Munoz,674.0,Fijo,MEDELLIN,11/07/2024,Femenino
CLI-00468,59.0,1368000.0,0,5350000.0,10.0,0.332,0,Laura Lopez,544.0,Indefinido,Pereira,28-Sep-2024,M
CLI-00126,42.0,1519000.0,1,7160000.0,48.0,0.595,0,Miguel Lopez,681.0,Prestacion de servicios,MEDELLIN,01/01/2022,Femenino
CLI-00338,41.0,$4.048.000,0,5940000.0,39.0,0.226,0,Camila Martinez,735.0,Prestacion de servicios,bogota,14-Sep-2023,m
CLI-00311,51.0,$1.792.000,0,8310000.0,47.0,0.396,1,Carlos Gonzalez,713.0,N/A,Barranquilla,27/06/2023,
CLI-00488,43.0,2340000.0,0,15070000.0,93.0,0.392,2,Maria Martinez,734.0,,Barranquilla,25-Nov-2024,F
CLI-00424,22.0,1490000.0,0,10450000.0,23.0,0.338,0,Diego Torres,461.0,Indefinido,Cali,2024/05/22,m
CLI-00275,55.0,,0,7770000.0,89.0,0.505,1,Paula Ramirez,700.0,Prestacion de servicios,,13/03/2023,m
CLI-00411,22.0,1362000.0,0,1260000.0,46.0,0.236,1,David Castro,777.0,Indefinido,Cali,14/04/2024,Femenino
CLI-00025,33.0,4000000.0,1,6260000.0,75.0,0.119,1,Maria Vargas,627.0,Independiente,Pereira,12/03/2021,M
CLI-00323,51.0,1109000.0,0,5650000.0,22.0,0.407,0,  CAMILA MUNOZ  ,521.0,Fijo,MEDELLIN,01-Aug-2023,
CLI-00351,42.0,1655000.0,0,9320000.0,37.0,0.335,0,Maria Lopez,542.0,fijo,Bucaramanga,22/10/2023,Femenino
CLI-00496,48.0,2365000.0,0,2050000.0,50.0,0.454,1,Carlos Lopez,676.0,Independiente,Pereira,19/12/2024,m
CLI-00127,54.0,1614000.0,0,4010000.0,29.0,0.01,0,Diego Ramirez,631.0,N/A,Medellin,2022-01-04,Masculino
CLI-00409,18.0,2053000.0,0,2070000.0,16.0,0.584,2,Natalia Castro,414.0,Independiente,Barranquilla,2024/04/08,Femenino
CLI-00284,43.0,3101000.0,0,3280000.0,19.0,0.339,1,Felipe Vargas,730.0,N/A,Itagui,2023/04/09,f
CLI-00179,37.0,2407000.0,0,2900000.0,0.0,0.468,1,David Torres,681.0,Independiente,medellin,2022/06/05,m
CLI-00437,32.0,1115000.0,0,2370000.0,173.0,0.433,1,Santiago Perez,761.0,,Cali,2024-06-29,M
CLI-00451,37.0,,0,3390000.0,20.0,0.629,1,Daniela Gonzalez,559.0,Fijo,,09/08/2024,F
CLI-00224,26.0,938000.0,0,6910000.0,56.0,0.599,1,Carlos Munoz,474.0,Independiente,Barranquilla,2022/10/15,F
CLI-00353,32.0,3123000.0,0,4750000.0,5.0,0.112,0,David Vargas,884.0,Indefinido,bogota,27-Oct-2023,Femenino
CLI-00094,37.0,868000.0,1,9020000.0,2.0,0.12,1,Santiago Gonzalez,486.0,N/A,Medellin,2021/09/30,Femenino
CLI-00070,36.0,"2,178,000",0,3640000.0,20.0,-0.5,0,Laura Castro,649.0,N/A,Cali,21/07/2021,f
CLI-00037,37.0,1515000.0,0,5560000.0,70.0,0.3,2,Ana Hernandez,624.0,Prestacion de servicios,CALI,2021-04-16,F
CLI-00161,27.0,851000.0,0,4330000.0,288.0,0.588,0,Sofia Vargas,703.0,Independiente,bogota,14/04/2022,Masculino
CLI-00012,47.0,1709000.0,0,3570000.0,10.0,0.499,0,Paula Hernandez,583.0,Fijo,Envigado,2021-02-02,f
CLI-00145,29.0,1675000.0,0,5040000.0,15.0,0.545,0,Luis Hernandez,621.0,,Barranquilla,26/02/2022,Masculino
CLI-00355,50.0,,0,3520000.0,6.0,0.208,0,David Hernandez,720.0,Prestacion de servicios,Bogota,02/11/2023,M
CLI-00128,25.0,3919000.0,0,3530000.0,74.0,0.606,1,Daniela Lopez,818.0,Fijo,Cali,07-Jan-2022,Femenino
CLI-00422,999.0,1285000.0,0,8680000.0,3.0,0.405,1,Laura Vargas,563.0,,bogota,2024-05-16,m
CLI-00010,29.0,2502000 COP,0,770000.0,3.0,0.362,0,Natalia Gomez,536.0,Independiente,Barranquilla,27/01/2021,Femenino
CLI-00376,64.0,745000.0,0,4500000.0,11.0,0.488,0,Jorge Perez,633.0,Fijo,CALI,03/01/2024,Masculino
CLI-00177,55.0,,0,3670000.0,137.0,0.339,1,Ana Munoz,1000.0,Fijo,Pereira,2022-05-30,Femenino
CLI-00232,32.0,"2,041,000",0,1820000.0,22.0,0.415,0,Maria Munoz,713.0,Fijo,Itagui,2022-11-07,f
CLI-00211,48.0,1969000.0,0,2680000.0,24.0,0.137,1,Natalia Lopez,619.0,,Barranquilla,07/09/2022,Masculino
CLI-00129,31.0,1178000.0,1,1650000.0,4.0,0.519,0,Paula Perez,572.0,N/A,,2022/01/10,Femenino
CLI-00144,41.0,,0,1560000.0,14.0,0.507,0,Paula Gonzalez,677.0,fijo,medellin,2022/02/23,F
CLI-00242,37.0,3591000.0,0,2840000.0,48.0,0.364,1,Sofia Gomez,414.0,,Envigado,2022-12-07,m
CLI-00008,35.0,2464000.0,0,1250000.0,39.0,0.447,0,Carlos Lopez,688.0,N/A,Bucaramanga,21-Jan-2021,f
CLI-00255,35.0,4841000.0,0,1920000.0,52.0,0.799,0,Juan Ramirez,767.0,Indefinido,medellin,14/01/2023,Masculino
CLI-00372,53.0,1198000.0,0,4240000.0,39.0,0.324,0,Felipe Torres,538.0,Independiente,Itagui,2023-12-22,Masculino
CLI-00354,47.0,2014000.0,0,4390000.0,100.0,0.581,0,Juan Ortiz,805.0,N/A,Medellin,2023/10/30,Masculino
CLI-00009,38.0,1499000.0,0,1870000.0,92.0,0.185,0,Camila Diaz,644.0,indefinido,medellin,2021/01/24,Masculino
CLI-00157,39.0,1284000.0,0,4730000.0,43.0,0.544,0,Maria Perez,517.0,fijo,Itagui,2022-04-02,m
CLI-00028,42.0,2117000.0,0,9920000.0,10.0,0.405,0,Felipe Rodriguez,603.0,indefinido,Pereira,20-Mar-2021,F
CLI-00267,40.0,2067000.0,0,2040000.0,26.0,0.614,0,Isabella Vargas,559.0,fijo,medellin,2023-02-18,F
CLI-00065,46.0,3110000.0,0,4060000.0,34.0,0.125,1,Isabella Lopez,635.0,,Pereira,07/07/2021,F
CLI-00256,47.0,3499000.0,0,6620000.0,15.0,0.273,0,  ANDRES HERNANDEZ  ,602.0,Fijo,Pereira,17/01/2023,Femenino
CLI-00319,49.0,2273000.0,0,6250000.0,9.0,0.351,0,Sofia Lopez,497.0,N/A,Pereira,2023/07/20,m
CLI-00154,-5.0,1142000.0,1,2630000.0,13.0,0.609,0,Sofia Gonzalez,-50,,Bogota,2022/03/24,f
CLI-00049,45.0,2823000.0,0,3160000.0,48.0,0.258,0,Santiago Ortiz,492.0,Independiente,CALI,2021/05/21,
CLI-00209,28.0,1775000.0,0,7480000.0,4.0,0.452,0,Paula Perez,580.0,,CALI,2022/09/01,Masculino
CLI-00288,39.0,1791000.0,0,3060000.0,21.0,0.571,1,Felipe Ramirez,569.0,Independiente,bogota,20-Apr-2023,
CLI-00002,27.0,3102000.0,0,1200000.0,9.0,0.654,1,Diego Lopez,635.0,N/A,Cali,2021-01-03,f
CLI-00270,38.0,4597000.0,1,4230000.0,1.0,0.466,2,Ana Hernandez,656.0,Fijo,Pereira,27/02/2023,Masculino
CLI-00266,49.0,813000.0,0,4530000.0,78.0,0.053,0,Natalia Hernandez,803.0,Prestacion de servicios,Cali,15/02/2023,Masculino
CLI-00328,37.0,1870000 COP,0,2330000.0,79.0,0.038,0,Natalia Garcia,731.0,Prestacion de servicios,Envigado,15-Aug-2023,M
CLI-00335,38.0,1361000.0,0,4070000.0,1.0,0.705,0,Camila Ortiz,555.0,indefinido,Pereira,05/09/2023,Masculino
CLI-00096,999.0,1604000.0,0,4490000.0,35.0,0.233,1,Isabella Munoz,489.0,indefinido,,05/10/2021,F
CLI-00465,26.0,1948000.0,0,1.280.000,2.0,0.01,1,Andres Garcia,389.0,indefinido,Pereira,19/09/2024,Femenino
CLI-00493,35.0,4863000.0,0,1720000.0,11.0,,3,Maria Perez,807.0,Independiente,medellin,10-Dec-2024,M
CLI-00440,43.0,3057000.0,0,4630000.0,5.0,0.418,0,Diego Garcia,574.0,Independiente,Envigado,08/07/2024,f
CLI-00117,,$2.833.000,0,5000000.0,0.0,,0,Santiago Gomez,651.0,Independiente,MEDELLIN,2021-12-06,Femenino
CLI-00046,40.0,1831000.0,0,6340000.0,13.0,0.346,2,Jorge Hernandez,393.0,,Bogota,12/05/2021,m
CLI-00162,30.0,1965000.0,0,5230000.0,99.0,0.464,0,Paula Ramirez,516.0,indefinido,Barranquilla,2022-04-17,F
CLI-00387,43.0,3695000.0,0,3050000.0,16.0,0.464,1,Carlos Castro,,indefinido,Itagui,2024-02-04,f
CLI-00118,38.0,2237000.0,0,7620000.0,,0.309,1,David Diaz,699.0,fijo,MEDELLIN,09-Dec-2021,M
CLI-00289,35.0,1154000.0,0,3900000.0,69.0,0.464,0,Laura Torres,559.0,Independiente,Itagui,2023/04/23,
CLI-00078,40.0,3700000.0,0,3040000.0,123.0,0.375,0,Paula Castro,761.0,fijo,Cali,14-Aug-2021,m
CLI-00414,46.0,1453000.0,0,1950000.0,72.0,0.309,0,Isabella Rodriguez,748.0,N/A,medellin,2024/04/23,F
CLI-00064,44.0,1352000.0,0,1870000.0,37.0,0.077,1,David Hernandez,471.0,Fijo,Barranquilla,2021/07/04,M
CLI-00395,46.0,1697000.0,0,4070000.0,24.0,0.27,2,Andres Gonzalez,627.0,Independiente,CALI,27/02/2024,Masculino
CLI-00391,18.0,1307000.0,0,5730000.0,1.0,0.476,0,Juan Torres,595.0,,Barranquilla,16/02/2024,Femenino
CLI-00231,22.0,2480000.0,1,5410000.0,5.0,0.491,2,Isabella Munoz,452.0,,Itagui,04/11/2022,
CLI-00298,34.0,3367000.0,0,7110000.0,54.0,0.393,0,Andres Diaz,670.0,fijo,Envigado,19-May-2023,
CLI-00187,40.0,2944000.0,0,1410000.0,137.0,0.112,1,Luis Ramirez,686.0,N/A,Cali,2022-06-29,m
CLI-00456,40.0,3934000.0,0,3790000.0,95.0,0.051,1,David Garcia,836.0,,Envigado,24/08/2024,
CLI-00200,36.0,1793000.0,0,1020000.0,,0.382,1,Jorge Ortiz,733.0,fijo,Envigado,06/08/2022,m
CLI-00345,56.0,2117000.0,0,3610000.0,4.0,0.398,2,Camila Hernandez,613.0,Independiente,medellin,04/10/2023,Femenino
CLI-00122,40.0,2015000.0,0,3950000.0,69.0,0.113,1,Maria Lopez,666.0,Independiente,MEDELLIN,2021-12-21,
CLI-00471,42.0,1721000.0,0,4070000.0,,0.295,0,David Castro,615.0,fijo,Cali,07/10/2024,
CLI-00436,31.0,$2.662.000,0,2310000.0,22.0,0.187,0,Juan Gonzalez,579.0,indefinido,,26/06/2024,Femenino
CLI-00308,52.0,1064000.0,0,3410000.0,16.0,0.596,0,Juan Gomez,550.0,indefinido,Bogota,18-Jun-2023,Masculino
CLI-00464,18.0,1877000.0,0,6340000.0,42.0,0.527,0,Camila Rodriguez,605.0,Independiente,Envigado,2024/09/16,Femenino
CLI-00159,33.0,3636000.0,0,3780000.0,,0.457,0,Felipe Martinez,,Fijo,Envigado,2022/04/08,f
CLI-00086,43.0,5382000.0,0,4610000.0,,0.419,0,Ana Ortiz,640.0,Prestacion de servicios,medellin,06/09/2021,Masculino
CLI-00226,41.0,4117000.0,0,3560000.0,172.0,0.479,1,Maria Ortiz,740.0,indefinido,medellin,21/10/2022,
CLI-00263,41.0,2871000.0,0,7820000.0,4.0,0.612,0,Diego Perez,610.0,Independiente,medellin,06-Feb-2023,M
CLI-00332,45.0,4328000.0,0,1630000.0,67.0,0.452,0,Laura Vargas,680.0,fijo,Envigado,2023-08-27,M
CLI-00404,34.0,4387000.0,0,640000.0,27.0,0.854,0,Felipe Hernandez,824.0,indefinido,Medellin,2024/03/25,Masculino
CLI-00077,33.0,3867000.0,0,2210000.0,27.0,0.52,0,Ana Ramirez,595.0,N/A,Envigado,2021-08-11,Masculino
CLI-00439,31.0,3173000.0,0,4130000.0,5.0,0.011,0,Isabella Castro,,Independiente,Itagui,2024/07/05,M
CLI-00377,36.0,1971000.0,1,1560000.0,15.0,,0,  MARIA MARTINEZ  ,727.0,Independiente,Bucaramanga,2024-01-06,m
CLI-00088,38.0,1304000.0,0,2100000.0,22.0,0.688,0,Miguel Torres,756.0,,medellin,12-Sep-2021,f
CLI-00394,43.0,2021000.0,0,1990000.0,11.0,0.363,2,  ANA TORRES  ,433.0,Independiente,Pereira,24-Feb-2024,m
CLI-00183,33.0,3707000.0,0,1890000.0,21.0,0.065,1,Miguel Garcia,673.0,N/A,Envigado,17-Jun-2022,m
CLI-00106,36.0,2599000.0,0,1.370.000,56.0,,0,Laura Martinez,662.0,fijo,Bogota,04/11/2021,
CLI-00402,40.0,2087000.0,0,690000.0,28.0,0.042,1,Juan Munoz,473.0,N/A,medellin,2024-03-19,Masculino
CLI-00050,39.0,2762000.0,0,4340000.0,38.0,0.157,1,Maria Lopez,811.0,Prestacion de servicios,Barranquilla,24/05/2021,
CLI-00418,53.0,2584000.0,0,6200000.0,29.0,,0,Daniela Rodriguez,803.0,,CALI,05-May-2024,Femenino
CLI-00006,24.0,1511000.0,0,8770000.0,32.0,0.396,1,David Hernandez,506.0,Fijo,Medellin,15/01/2021,Femenino
CLI-00018,27.0,1405000.0,0,5.780.000,25.0,0.166,1,Diego Perez,532.0,Independiente,Envigado,19-Feb-2021,M
CLI-00235,30.0,2279000.0,0,2820000.0,12.0,0.01,0,Ana Garcia,443.0,N/A,MEDELLIN,16/11/2022,F
CLI-00406,35.0,5555000 COP,0,7390000.0,12.0,0.05,0,David Vargas,605.0,N/A,MEDELLIN,30/03/2024,M
CLI-00400,30.0,920000.0,0,5420000.0,71.0,0.064,1,Laura Martinez,765.0,N/A,CALI,13/03/2024,Femenino
CLI-00107,28.0,2904000.0,0,4850000.0,118.0,0.526,1,Miguel Ortiz,703.0,N/A,Pereira,2021-11-07,Femenino
CLI-00135,22.0,,0,3720000.0,58.0,0.46,1,Sofia Garcia,520.0,fijo,MEDELLIN,28/01/2022,Masculino
CLI-00407,37.0,1771000.0,0,3300000.0,35.0,0.512,2,Camila Rodriguez,673.0,fijo,,2024-04-02,Masculino
CLI-00227,66.0,2284000 COP,0,2440000.0,64.0,0.136,0,Isabella Torres,548.0,Independiente,medellin,2022-10-24,
CLI-00215,34.0,1785000.0,0,2270000.0,43.0,0.305,3,Maria Rodriguez,634.0,N/A,medellin,19/09/2022,f
CLI-00191,57.0,,0,4350000.0,12.0,0.316,0,Jorge Torres,613.0,Indefinido,bogota,10/07/2022,F
CLI-00446,22.0,1660000.0,0,1940000.0,49.0,0.291,1,Camila Vargas,557.0,Indefinido,Bogota,26/07/2024,m
CLI-00321,47.0,1559000.0,0,2040000.0,22.0,0.422,2,  MIGUEL GONZALEZ  ,628.0,Fijo,medellin,26/07/2023,
CLI-00283,48.0,4871000.0,0,1310000.0,70.0,0.539,0,Sofia Garcia,839.0,indefinido,Envigado,06-Apr-2023,f
CLI-00030,43.0,4336000.0,1,6610000.0,41.0,0.304,5,Natalia Munoz,731.0,Prestacion de servicios,Envigado,26/03/2021,F
CLI-00170,38.0,550000.0,0,2160000.0,87.0,0.442,0,Daniela Diaz,639.0,Indefinido,medellin,10/05/2022,Masculino
CLI-00181,0.0,2983000.0,0,1740000.0,31.0,0.357,0,Carlos Hernandez,539.0,Fijo,bogota,11/06/2022,F
CLI-00101,34.0,2566000 COP,0,3.890.000,17.0,0.358,2,Daniela Ortiz,711.0,Prestacion de servicios,Pereira,20/10/2021,f
CLI-00198,34.0,1225000 COP,0,3620000.0,23.0,0.505,0,Camila Garcia,540.0,Prestacion de servicios,Itagui,31-Jul-2022,Masculino
CLI-00210,34.0,2741000.0,0,1730000.0,3.0,0.216,1,Diego Martinez,540.0,N/A,Cali,04/09/2022,
CLI-00136,27.0,1718000.0,0,8050000.0,64.0,,1,Sofia Hernandez,701.0,Fijo,bogota,30/01/2022,m
CLI-00476,34.0,1178000.0,0,2520000.0,29.0,0.339,1,Laura Martinez,683.0,Fijo,Barranquilla,21/10/2024,Femenino
CLI-00434,18.0,4519000.0,0,1350000.0,2.0,0.546,2,Natalia Ramirez,940.0,indefinido,Bucaramanga,2024/06/20,f
CLI-00199,38.0,1255000.0,0,2820000.0,46.0,0.203,1,Valentina Perez,687.0,Indefinido,medellin,2022/08/03,F
CLI-00374,47.0,2046000.0,0,4690000.0,23.0,0.209,0,Juan Rodriguez,537.0,Independiente,MEDELLIN,2023/12/28,M
CLI-00167,48.0,884000.0,0,2580000.0,8.0,0.431,0,Paula Gomez,636.0,,CALI,2022-05-01,
CLI-00389,41.0,568000.0,0,2860000.0,32.0,0.394,0,Juan Lopez,531.0,Prestacion de servicios,CALI,2024/02/10,F
CLI-00137,41.0,1803000.0,1,3590000.0,90.0,0.31,3,Jorge Ortiz,603.0,,Medellin,2022-02-02,Masculino
CLI-00286,33.0,2245000.0,0,3650000.0,161.0,0.358,3,Luis Lopez,617.0,N/A,Medellin,14/04/2023,
CLI-00336,25.0,1268000.0,0,2040000.0,108.0,0.162,0,Diego Castro,573.0,Prestacion de servicios,Barranquilla,08/09/2023,F
CLI-00132,23.0,7093000.0,0,5890000.0,18.0,0.547,0,Daniela Castro,762.0,indefinido,Pereira,2022-01-19,
CLI-00040,45.0,1338000.0,0,2590000.0,34.0,0.391,0,Isabella Garcia,472.0,indefinido,Medellin,25/04/2021,m
CLI-00216,49.0,1080000.0,0,2910000.0,67.0,0.312,1,Sofia Ortiz,673.0,Independiente,Cali,22/09/2022,M
CLI-00044,41.0,1813000.0,0,2740000.0,29.0,0.337,3,Laura Diaz,670.0,Fijo,medellin,2021/05/06,Masculino
CLI-00055,33.0,,0,1990000.0,29.0,,1,David Munoz,715.0,fijo,Bucaramanga,07/06/2021,M
CLI-00480,,2475000.0,0,5540000.0,12.0,0.523,1,,528.0,fijo,bogota,02/11/2024,
CLI-00300,42.0,2022000.0,0,1220000.0,22.0,0.07,0,Laura Ramirez,646.0,fijo,medellin,25/05/2023,M
CLI-00461,41.0,4450000.0,0,4250000.0,34.0,0.215,0,Isabella Vargas,706.0,N/A,,07/09/2024,m
CLI-00305,37.0,3774000.0,0,5950000.0,73.0,0.084,1,Camila Ramirez,640.0,N/A,medellin,09/06/2023,Femenino
CLI-00036,50.0,2727000.0,0,2.470.000,84.0,0.463,0,Camila Ortiz,719.0,Independiente,Envigado,13/04/2021,Femenino
CLI-00316,35.0,2317000.0,0,10170000.0,37.0,0.308,0,  LUIS RAMIREZ  ,746.0,Independiente,Itagui,11/07/2023,f
CLI-00310,57.0,2210000.0,0,6330000.0,11.0,0.607,0,Natalia Ortiz,723.0,,CALI,24/06/2023,F
CLI-00277,30.0,1148000.0,0,4780000.0,53.0,0.224,0,Sofia Rodriguez,699.0,fijo,Pereira,2023-03-19,
CLI-00125,47.0,2509000.0,0,1380000.0,203.0,0.722,1,Santiago Rodriguez,764.0,Indefinido,Medellin,29/12/2021,Masculino
CLI-00143,18.0,5534000.0,0,3460000.0,10.0,0.586,1,Andres Lopez,711.0,Indefinido,Itagui,20-Feb-2022,f
CLI-00111,43.0,1182000.0,0,6310000.0,122.0,0.477,1,Andres Vargas,548.0,Indefinido,,18/11/2021,
CLI-00324,46.0,688000.0,0,4210000.0,,0.32,2,Ana Gonzalez,568.0,,MEDELLIN,2023/08/04,f
CLI-00333,30.0,1128000.0,0,1820000.0,26.0,0.01,1,Daniela Gonzalez,679.0,Independiente,CALI,30-Aug-2023,m
CLI-00394,43.0,2021000.0,0,1990000.0,11.0,0.363,2,Ana Torres,433.0,Independiente,Pereira,2024/02/24,m
CLI-00442,42.0,3089000.0,0,2700000.0,140.0,0.18,2,Natalia Vargas,621.0,fijo,Bogota,2024-07-14,m
CLI-00108,34.0,2481000.0,1,2530000.0,14.0,0.253,3,  NATALIA HERNANDEZ  ,698.0,Independiente,Bogota,10-Nov-2021,f
CLI-00466,33.0,1002000.0,0,4550000.0,61.0,0.2,1,Ana Vargas,621.0,,Envigado,22/09/2024,m
CLI-00013,39.0,2084000.0,0,3100000.0,50.0,0.205,0,Camila Gonzalez,486.0,Indefinido,Itagui,05-Feb-2021,F
CLI-00273,37.0,2253000.0,0,6030000.0,1.0,0.267,2,Sofia Gomez,636.0,indefinido,CALI,07-Mar-2023,Masculino
CLI-00048,40.0,,0,3660000.0,40.0,0.071,1,Paula Lopez,481.0,Indefinido,MEDELLIN,18-May-2021,Femenino
CLI-00204,45.0,1927000.0,0,4310000.0,22.0,0.302,2,Paula Martinez,601.0,Independiente,Itagui,2022/08/17,m
CLI-00431,27.0,1989000.0,0,1910000.0,117.0,,0,Carlos Martinez,568.0,,Envigado,12/06/2024,
CLI-00120,35.0,4096000.0,0,2430000.0,5.0,0.368,1,Camila Gomez,898.0,Independiente,bogota,15/12/2021,Masculino
CLI-00022,31.0,1272000.0,0,1980000.0,65.0,0.389,1,Ana Garcia,578.0,,Bogota,2021-03-03,m
CLI-00403,47.0,1842000.0,0,8160000.0,19.0,0.464,0,Valentina Torres,695.0,Indefinido,CALI,22-Mar-2024,
CLI-00084,34.0,1160000.0,0,5240000.0,19.0,0.857,0,Diego Diaz,657.0,N/A,bogota,2021/08/31,f
CLI-00131,34.0,4437000.0,0,940000.0,55.0,0.295,2,Daniela Lopez,983.0,Indefinido,Bogota,16/01/2022,F
CLI-00450,42.0,,0,2720000.0,53.0,0.264,0,Daniela Ramirez,448.0,N/A,,06/08/2024,m
CLI-00486,36.0,2720000.0,0,3780000.0,121.0,0.504,0,Daniela Gonzalez,452.0,,bogota,20/11/2024,Femenino
CLI-00330,32.0,$521.000,1,4020000.0,33.0,0.438,2,Miguel Hernandez,552.0,Fijo,bogota,21/08/2023,m
CLI-00230,35.0,1133000.0,0,9690000.0,53.0,0.481,2,Maria Martinez,489.0,N/A,medellin,02/11/2022,Femenino
CLI-00499,18.0,$2.117.000,0,1870000.0,10.0,0.319,0,Natalia Castro,545.0,Independiente,CALI,2024/12/28,
CLI-00287,41.0,2027000.0,1,2850000.0,32.0,0.183,1,Sofia Ramirez,562.0,indefinido,MEDELLIN,2023-04-17,F
CLI-00124,53.0,1454000,0,7650000.0,14.0,0.438,0,Maria Ortiz,531.0,Fijo,Envigado,2021/12/26,F
CLI-00034,29.0,2486000.0,0,3460000.0,3.0,0.349,0,Camila Castro,502.0,indefinido,Itagui,2021/04/07,f
CLI-00478,25.0,1613000.0,0,1770000.0,2.0,0.631,0,Paula Perez,591.0,Indefinido,bogota,27-Oct-2024,M
CLI-00005,18.0,450000.0,0,2600000.0,44.0,0.308,1,Paula Rodriguez,581.0,N/A,CALI,12/01/2021,Masculino
CLI-00412,18.0,2418000.0,0,7860000.0,20.0,0.318,0,Maria Garcia,549.0,Prestacion de servicios,medellin,2024-04-17,m
CLI-00020,37.0,,1,4810000.0,39.0,0.34,2,Santiago Rodriguez,620.0,Prestacion de servicios,medellin,25/02/2021,M
CLI-00220,30.0,1189000.0,0,3.920.000,84.0,0.479,0,Diego Perez,508.0,indefinido,bogota,03/10/2022,f
CLI-00380,33.0,1955000.0,0,2500000.0,164.0,0.358,2,Santiago Garcia,769.0,fijo,Bucaramanga,14/01/2024,Femenino
CLI-00337,31.0,1684000.0,0,3170000.0,5.0,0.46,0,Miguel Gonzalez,746.0,fijo,CALI,2023/09/11,
CLI-00420,999.0,774000.0,0,3130000.0,137.0,0.27,0,Jorge Vargas,754.0,Prestacion de servicios,medellin,10/05/2024,f
CLI-00357,41.0,2346000.0,1,3200000.0,12.0,0.32,0,Isabella Martinez,517.0,N/A,Pereira,2023-11-08,f
CLI-00150,40.0,,0,2060000.0,27.0,0.132,1,Maria Ramirez,507.0,Indefinido,Pereira,12/03/2022,F
CLI-00225,39.0,1250000.0,1,1760000.0,14.0,0.652,0,Luis Diaz,586.0,indefinido,medellin,18/10/2022,Femenino
CLI-00248,58.0,2567000.0,0,4170000.0,76.0,0.206,0,Ana Hernandez,707.0,Indefinido,CALI,24-Dec-2022,Masculino
CLI-00447,50.0,2345000.0,0,3360000.0,48.0,0.358,0,Sofia Gonzalez,437.0,Fijo,MEDELLIN,2024-07-28,m
CLI-00152,27.0,1817000.0,0,11750000.0,126.0,0.299,1,Juan Rodriguez,693.0,Fijo,Barranquilla,2022-03-18,Masculino
CLI-00485,37.0,2391000.0,0,4790000.0,33.0,0.304,0,Valentina Gonzalez,603.0,Fijo,medellin,17/11/2024,
CLI-00318,30.0,2240000.0,0,3490000.0,6.0,0.187,0,  ANA CASTRO  ,707.0,N/A,,17-Jul-2023,Femenino
CLI-00292,40.0,1061000.0,0,3120000.0,44.0,0.232,2,Juan Martinez,551.0,Prestacion de servicios,Cali,2023-05-02,f
CLI-00234,51.0,1805000.0,0,2510000.0,8.0,0.24,1,Camila Ramirez,531.0,Independiente,,2022/11/13,
CLI-00011,48.0,908000.0,0,3470000.0,20.0,0.426,0,Paula Lopez,590.0,indefinido,Cali,30/01/2021,f
CLI-00280,41.0,1034000.0,0,3970000.0,11.0,0.409,1,Ana Vargas,692.0,fijo,Bucaramanga,28/03/2023,Masculino
CLI-00072,26.0,1916000.0,0,2620000.0,19.0,0.373,0,Carlos Hernandez,622.0,,Barranquilla,2021-07-27,
CLI-00253,57.0,1194000.0,1,2120000.0,13.0,0.431,2,Valentina Ortiz,636.0,Independiente,bogota,08-Jan-2023,f
CLI-00093,33.0,4929000.0,0,3310000.0,75.0,0.369,1,Juan Torres,683.0,Indefinido,Pereira,27-Sep-2021,f
CLI-00484,44.0,2864000.0,0,5050000.0,80.0,0.291,1,Juan Torres,888.0,,Bucaramanga,2024/11/14,m
CLI-00350,54.0,3219000.0,0,2080000.0,85.0,0.479,1,Jorge Hernandez,576.0,Prestacion de servicios,Barranquilla,19/10/2023,F
CLI-00416,40.0,3537000.0,0,2170000.0,33.0,,0,Santiago Gomez,596.0,Indefinido,CALI,29/04/2024,m
CLI-00375,44.0,770000.0,0,2110000.0,43.0,,0,Sofia Perez,425.0,,MEDELLIN,31/12/2023,M
CLI-00401,36.0,2409000.0,0,5560000.0,31.0,0.214,0,Ana Torres,433.0,Prestacion de servicios,bogota,16/03/2024,M
CLI-00193,34.0,3192000.0,1,4600000.0,17.0,,0,Carlos Diaz,741.0,Indefinido,Bucaramanga,16-Jul-2022,Masculino
CLI-00258,34.0,3040000.0,0,21550000.0,85.0,0.031,1,Carlos Castro,539.0,Independiente,Bogota,22-Jan-2023,M
CLI-00489,29.0,1704000.0,0,3040000.0,127.0,0.147,0,Daniela Rodriguez,722.0,N/A,Medellin,2024/11/28,Masculino
CLI-00340,45.0,1676000.0,0,4590000.0,132.0,0.236,2,Valentina Lopez,724.0,Prestacion de servicios,,19/09/2023,
CLI-00496,48.0,2365000.0,0,2050000.0,50.0,0.454,1,Carlos Lopez,676.0,Independiente,Pereira,19/12/2024,m
CLI-00196,28.0,1341000,0,4670000.0,39.0,0.519,1,Isabella Munoz,640.0,,medellin,25/07/2022,
CLI-00344,43.0,1892000.0,0,2640000.0,13.0,0.161,0,Luis Perez,372.0,Fijo,CALI,2023/10/01,m
CLI-00138,47.0,1136000.0,0,2630000.0,8.0,0.555,0,Maria Ramirez,593.0,indefinido,MEDELLIN,05-Feb-2022,Femenino
CLI-00261,35.0,3704000.0,0,1840000.0,24.0,0.785,2,Paula Garcia,724.0,indefinido,Barranquilla,31/01/2023,f
CLI-00039,29.0,599000.0,1,1560000.0,117.0,0.3,0,Isabella Perez,717.0,Fijo,MEDELLIN,2021/04/22,Femenino
CLI-00202,53.0,1754000.0,0,3.730.000,2.0,0.322,1,Valentina Torres,773.0,Independiente,,2022-08-12,M
CLI-00473,35.0,2217000.0,0,2490000.0,51.0,0.306,0,Valentina Rodriguez,623.0,N/A,Barranquilla,13-Oct-2024,Femenino
CLI-00291,35.0,1365000.0,0,3330000.0,,0.564,0,Felipe Diaz,300.0,Prestacion de servicios,bogota,29/04/2023,F
CLI-00449,50.0,2401000.0,0,4410000.0,34.0,0.261,0,Camila Vargas,486.0,N/A,MEDELLIN,2024/08/03,M
CLI-00190,56.0,1603000.0,1,2970000.0,30.0,0.631,2,Carlos Gomez,584.0,fijo,Bucaramanga,07/07/2022,f
CLI-00252,42.0,1707000.0,0,2120000.0,64.0,0.674,0,Jorge Garcia,609.0,Independiente,Pereira,2023-01-05,
CLI-00113,31.0,973000.0,0,4480000.0,5.0,0.48,0,Isabella Gonzalez,562.0,Independiente,,24-Nov-2021,Masculino
CLI-00438,26.0,1898000.0,0,13.260.000,71.0,0.337,0,Daniela Lopez,674.0,Independiente,Cali,02-Jul-2024,m
CLI-00184,50.0,1528000.0,0,5110000.0,25.0,0.184,1,Diego Lopez,393.0,Fijo,Pereira,2022/06/20,f
CLI-00153,20.0,4565000.0,0,8160000.0,57.0,0.393,0,Camila Perez,734.0,Prestacion de servicios,Bucaramanga,21-Mar-2022,
CLI-00313,57.0,2250000.0,0,2360000.0,11.0,0.479,0,David Lopez,360.0,,MEDELLIN,02-Jul-2023,
CLI-00326,46.0,2012000.0,0,3420000.0,17.0,0.352,1,Jorge Ramirez,691.0,indefinido,Pereira,09/08/2023,f
CLI-00192,36.0,1753000.0,0,990000.0,69.0,0.585,1,David Rodriguez,703.0,fijo,Barranquilla,2022-07-13,f
CLI-00045,39.0,1747000.0,0,2580000.0,53.0,0.427,2,Camila Perez,570.0,indefinido,medellin,09/05/2021,F
CLI-00445,34.0,2291000.0,0,6880000.0,,0.131,0,Andres Rodriguez,732.0,Indefinido,bogota,23/07/2024,
CLI-00276,,2194000.0,0,1540000.0,17.0,0.564,0,Andres Garcia,856.0,N/A,Pereira,16/03/2023,
CLI-00007,39.0,6651000.0,0,3300000.0,32.0,0.382,1,Maria Gomez,791.0,Indefinido,bogota,2021-01-18,
CLI-00251,34.0,1994000.0,0,2740000.0,39.0,0.593,2,Andres Ortiz,634.0,fijo,bogota,02/01/2023,f
CLI-00312,43.0,1485000.0,0,5880000.0,56.0,0.504,1,Sofia Munoz,603.0,,Cali,2023-06-29,Femenino
CLI-00076,46.0,,0,7030000.0,32.0,0.371,2,Juan Ramirez,520.0,Prestacion de servicios,medellin,08/08/2021,F
CLI-00001,41.0,3921000 COP,0,6830000.0,15.0,0.488,2,Ana Gomez,704.0,Indefinido,Bucaramanga,01/01/2021,
CLI-00429,23.0,1765000.0,0,1860000.0,26.0,0.485,0,Santiago Ortiz,,Prestacion de servicios,medellin,2024/06/06,
CLI-00392,39.0,1500000.0,0,3690000.0,4.0,0.862,0,Luis Lopez,508.0,fijo,medellin,2024-02-19,f
CLI-00384,24.0,1104000.0,0,2820000.0,8.0,0.332,1,Juan Vargas,456.0,N/A,Cali,2024/01/26,Masculino
CLI-00433,37.0,3551000.0,0,3.180.000,111.0,0.448,1,Jorge Torres,786.0,Prestacion de servicios,Bucaramanga,17-Jun-2024,M
CLI-00069,47.0,2608000.0,0,8150000.0,67.0,0.343,1,Ana Perez,670.0,Fijo,Itagui,2021/07/18,Femenino
CLI-00487,29.0,983000.0,0,2900000.0,60.0,0.392,2,Santiago Perez,548.0,fijo,Barranquilla,2024-11-22,
CLI-00168,42.0,2523000.0,0,3370000.0,44.0,0.448,0,Santiago Gomez,593.0,Independiente,CALI,04-May-2022,Masculino
CLI-00393,33.0,,0,5790000.0,10.0,0.283,1,Luis Gonzalez,487.0,Fijo,Cali,21-Feb-2024,Femenino
CLI-00219,36.0,1664000.0,0,3780000.0,38.0,0.201,0,Luis Ramirez,656.0,,Envigado,2022/09/30,f
CLI-00043,31.0,2244000.0,0,1750000.0,3.0,0.23,1,,647.0,Independiente,Barranquilla,03-May-2021,
CLI-00367,30.0,1013000.0,0,9390000.0,21.0,0.457,0,Felipe Vargas,557.0,N/A,bogota,2023-12-07,
CLI-00346,18.0,2380000.0,0,7470000.0,43.0,0.132,2,Luis Vargas,644.0,Indefinido,bogota,07/10/2023,F
CLI-00073,28.0,2260000.0,0,3720000.0,24.0,0.286,2,Felipe Torres,720.0,Independiente,Barranquilla,30-Jul-2021,f
CLI-00024,,1802000,0,2250000.0,25.0,0.437,1,Diego Castro,685.0,Indefinido,Medellin,2021/03/09,M
CLI-00399,44.0,2519000.0,0,2500000.0,22.0,0.265,0,Ana Castro,528.0,N/A,Envigado,2024/03/10,
CLI-00186,55.0,1560000.0,0,16600000.0,20.0,0.419,0,Diego Hernandez,535.0,indefinido,Itagui,26/06/2022,M
CLI-00349,21.0,1392000.0,0,5920000.0,54.0,0.593,0,Santiago Diaz,763.0,Indefinido,Pereira,2023/10/16,
CLI-00104,46.0,1449000.0,0,5490000.0,45.0,0.549,2,Luis Perez,569.0,,,2021/10/29,
CLI-00408,47.0,1047000.0,0,1660000.0,16.0,0.219,2,Valentina Ortiz,342.0,fijo,Pereira,05-Apr-2024,f
CLI-00212,23.0,2816000.0,0,12660000.0,64.0,0.536,0,Santiago Lopez,526.0,Independiente,CALI,2022-09-10,Masculino
CLI-00068,33.0,1431000.0,0,4910000.0,92.0,0.439,3,Maria Ortiz,531.0,Fijo,Medellin,16-Jul-2021,
CLI-00425,28.0,1825000.0,1,3910000.0,29.0,0.561,2,Paula Castro,500.0,,Bogota,25-May-2024,F
CLI-00026,34.0,1589000.0,1,1450000.0,23.0,0.355,2,Jorge Diaz,710.0,indefinido,Bucaramanga,15/03/2021,M
CLI-00197,45.0,621000.0,0,7380000.0,7.0,0.29,2,Carlos Munoz,608.0,N/A,,2022-07-28,F
CLI-00176,40.0,2361000.0,0,4630000.0,71.0,0.43,1,Camila Hernandez,590.0,Independiente,Cali,28/05/2022,M
